,Sum of obj. value,Spread to the mean (%)
1.2,109020,0.12490356709893097
1.5,108730,-0.14143492156790713
2,109190,0.28103302597259466
3,108480,-0.37103706697035377
4,109000,0.10653539546673524
